,spotid,spotname
1653,249,JFK John F. Kennedy International
1932,172,Shake Shack
2102,110,Flatiron Building 
2245,1630,Market
2258,420,Westville
2429,310,The Chelsea Market
2636,151,The High Line
2693,238,"Magnolia Bakery, Downtown"
3784,46,Times Square
3870,16,New York Stock Exchange
3901,205,Federal Hall National Memorial
3955,152,Trinity Church
3975,1354,John's of Bleecker Street
4152,165,Washington Square Park 
4411,183,Madison Square Park
4689,933,Ace Hotel
5079,76,Empire State Building
5159,417,Chrysler Building
5195,1304,Virgil's Real Barbecue
5520,179,JFK Terminal 5
5545,2439,Corner Bistro
5583,273,Artichoke Basille's
5599,1229,Blue Fin
5604,48,Morgan Stanley
5905,43,The New York Public Library
5942,654,NASDAQ Marketsite
5969,1790,Queens Midtown Tunnel
5990,773,Conde Nast Building
6407,42,Bryant Park
7413,114,Grand Central Terminal
7534,2271,Neuberger Berman
7593,500,Chelsea Piers
7730,277,New Yorker Hotel
7901,299,The New York Times
8337,52,Madison Square Garden
8352,1620,Café Grumpy 
8398,708,Harefield Road
8429,1094,Bar 9
8443,627,Pete's Tavern
8480,1021,Buttermilk Channel
8491,755,Building on Bond
8525,880,Spice Market
8598,105,DuMont Restaurant
8643,1770,Third Rail Coffee
8664,707,Death & Co
8687,2309,Hotel Delmano
8767,2162,The Breslin
9159,85,The Museum of Modern Art (MoMA)
9254,1122,Schiller's Liquor Bar
9300,1451,Sheraton New York Hotel & Towers
10389,275,EWR Newark Liberty International
10447,1110,Webster Hall
10471,334,Cabin Down Under
10478,1763,Holiday Cocktail Lounge
10501,93,East Village Radio
10510,2376,Havana Alma de Cuba
10577,101,Manhattan Park
10607,79,P.J. Clarke's
10625,1896,Sotheby's
11007,1650,Union Square
12688,78,LGA LaGuardia Airport
12711,964,The Asia Society
12863,228,Roosevelt Island Station
12921,1592,Sweet & Vicious
12944,1290,Artisanal
13003,1145,Beauty Bar - New York
13017,100,Billymark's West
13162,323,Stumptown Coffee Roasters
13176,1295,Maconda
13187,484,McDonald's
13195,1537,Helen Hayes
13273,118,The Standard Hotel
13292,2358,Marquis Theatre
13318,117,National Arts Club
13504,1470,Happy Cog
13568,2184,Norma's
13612,1635,Burger Joint
13663,1998,Terminal 5
13724,343,Rice
13833,113,The Plaza
13855,230,Lil' Frankie's Pizza
13869,954,Lyceum Theater
13886,2014,Ambassador Theater
13909,1764,August Wilson Theatre
13969,2297,Broadway Theater
14022,1895,Gershwin Theatre
14034,1300,Studio 54
14123,112,St. Regis Hotel
14140,120,The Kitchen
14169,987,Harvard Club
14204,2486,Weather Up
14222,1186,Katsu-Hama
14246,157,Bergdorf Goodman
14307,342,Nintendo World
14315,91,Starbucks
14324,267,Gristedes
14342,1955,Brooks Atkinson Theatre
14353,2355,Broadhurst Theater
14358,2378,THE BOOK OF MORMON at the Eugene O'Neill Theatre
14385,737,Shubert Theatre
14450,1197,Five Napkin Burger
14481,239,The Public Theater
14610,784,Ogilvy
14784,1471,"Apple Store, Upper West Side"
14804,1619,Holy Trinity Lutheran Church
14823,1868,Shun Lee Westside
14849,1002,Vivian Beaumont Theatre
14917,557,Lincoln Center
14932,2291,Kokayi Health- Center For Holistic Medicine
14949,2329,Instinet
14953,2330,Chase
15002,601,Westin New York at Times Square
15015,1434,3 Times Square
15022,1263,Shula's Steak House
15036,1583,Villa
15089,2035,Starbucks
15121,553,Regal Cinemas E-Walk Stadium 13 & RPX
15191,642,AMC Empire 25
15209,643,Hilton Times Square
15245,644,New Victory Theater
15288,1567,Mamoun's Falafel (St. Marks)
15309,1111,Grassroots Tavern
15321,1997,Jake's Saloon
15326,1745,Ocean Dragon
15329,1939,Boston Market
15384,1621,Ink 48
15394,2214,Duane Reade
15404,1696,Fresco 57
15425,471,Archstone Clinton
15479,1931,CBS Station Break Commissary
15486,2385,Ars Nova
15488,1904,Kenneth Cole Productions
15534,667,CBS Broadcast Center
15557,1902,The Daily Show
15600,1901,DeWitt Clinton Park
15604,676,Larry Flynt's Hustler Club
15605,1828,Tasos
15610,675,Pier 92
15628,670,Pier 94
15642,533,Midtown Comics (Times Square)
15651,1944,Alvin Ailey American Dance Theater
15674,2459,Ziegfeld Theatre
15691,1897,Chase
15699,1820,Sports Club LA 
15727,979,El Porron
15771,2111,Clearview Cinema
15794,1587,Dangerfield's
15914,396,Balthazar
15968,1194,Starbucks Coffee
15984,598,Attention
16005,2428,Spring Street Natural Restaurant
16027,1367,Ben Sherman
16034,1366,Burton
16044,405,Seize sur Vingt
16054,2470,The Charles
16090,2115,64 Morton
16113,1049,New Work City
16139,1499,SOB's
16147,2471,Actor's Playhouse
16181,1448,Duplex
16205,1963,Fat Cat
16237,1041,Comix
16270,1694,Chanpen Thai Cuisine
16328,581,The Maritime Hotel
16403,922,Bill's Bar & Burger
16460,322,Google 
16463,613,Waverly Inn
16489,377,ITP
16509,1058,NYU Skirball Center for New Media & Film
16593,2228,Donkey
16644,2226,Cooper Square Hotel
16667,668,"Blue Man Group, Astor Place"
16812,497,Hill Country Barbecue Market
16819,1779,GolinHarris (New York)
16835,2180,Starbucks (135 E 57th Street)
16884,1898,Dior
16989,1813,The Watering Hole
17014,1943,USPS Madison Square Station
17036,2140,Barbounia
17082,1851,Maialino
17095,1523,Gramercy Hotel Rose Bar
17098,1903,121 Madison Avenue
17134,1565,Keko Café
17158,1409,BCD Tofu House
17198,2260,Agnes Dei HQ
17220,1435,3 Park Avenue Q
17294,961,Affinia Dumont
17299,986,Murray Hill Diner
17310,2259,USPS — Murray Hill Station
17507,1064,Vol de Nuit
17610,2325,Fatty Johnson's
17625,1355,Risotteria
17648,1356,Murray's Cheese
17667,1357,Bleecker Street Records
17686,134,Black Iron Burger
17690,482,Zaragoza
17709,409,Phoenix
17733,1801,Destination Bar & Grill
17741,1301,Heathers
17754,2341,Pizza Grupo
17769,2456,Hi Fi 
17822,2466,Niagara
17861,1714,Supper
17918,1335,NoHo Star
17962,1938,Macbar
17997,1908,Housing Works Bookstore Cafe
18129,971,UNIQLO (SoHo)
18234,865,The New Museum
18247,1159,SoHo Park
18293,972,Crosby Street Hotel
18359,1384,Ed's Lobster Bar
18398,158,La Esquina
18432,298,navhaus
18455,1253,Children's Museum Of The Arts
18466,1090,Wing Wong
18483,1877,Holiday Inn
18495,1875,Excellent House Of Dumplings
18514,219,T Kang Taekwondo
18518,1564,Barber Shop
18574,849,City Hall
18604,168,Woolworth Building
18669,848,City Hall Park
18758,173,St. Paul's Chapel
18789,18,National September 11 Memorial & Museum
18806,17,2 World Trade Center
18818,19,3 World Trade Center
18983,32,World Trade Center (Ground Zero)
18999,658,Dunkin' Donuts
19017,921,Pepolino
19037,1876,Café Noir
19069,284,The Cupping Room Cafe
19072,1360,Glowlab
19111,2249,Scuderia
19158,1507,El Paso Restaurant
19206,257,Tiffany & Co.
19273,1834,NIKETOWN
19474,1204,Dylan's Candy Bar
19528,1203,Urban Outfitters
19585,269,Queensboro Bridge
19620,2071,J.J. Hat Center
19641,2163,Kun Jip
19744,2126,Starbucks Coffee
19899,223,Regal Union Square Stadium 14
19956,315,Coffee Shop
20088,1132,Applebee's
20107,1778,Citibank
20139,1511,Yoshinoya
20151,639,Statue of Ralph Kramden
20211,640,Dean & Deluca
20279,1649,Nick & Stef's Steakhouse
20323,98,Public
20345,2434,Trevi Deli
20348,1292,119 Bar
20393,1589,Bar Jamón
20707,2165,Ippudo
20723,2264,Kmart
20778,941,Astor Place Station
20827,90,Four Seasons Hotel New York
20855,1093,Falai
20857,1996,Nurse Bettie
20883,1560,Enid's
21053,1978,Terminal 4 at JFK
21109,2495,Bill's Place
21120,561,McDonald's
21125,2204,Nicola's
21136,80,The Chapel of the Good Shepherd
21150,1556,Blue Moon
21200,194,Starbucks
21208,340,Saint Frances Xavier Cabrini Catholic Church
21218,962,Delizia
21226,2497,Banshee Pub
21233,278,Roosevelt Island School PS 217
21249,2449,David Copperfields
21258,1046,74th Street Generating Station
21269,1769,Park Avenue Armory
21277,119,Daniel
21311,1961,Landmark's Sunshine Cinema
21330,503,Russ & Daughters
21364,1289,Thompson LES 
21394,2062,Rockwood Music Hall
21396,2479,Caramelo @ dTox 2nd Ave. Bet. 1st & 2nd St. 
21398,2294,Sunshine Cafe
21430,470,Gracie Mansion
21486,1797,Carl Schurz Park
21492,229,Trellis
21497,1242,Tutti Bambini
21502,878,Iron Sushi
21518,2237,Southern Hospitality
21556,1011,Agata & Valentina
21562,938,Zucchero e Pomodori
21571,690,3 Star Diner
21581,1205,Bar Boulud
21588,2160,Ed's Chowder House
21614,2207,Starbucks Lincoln Center
21637,1498,Metropolitan Opera House
21661,433,The Empire Hotel Rooftop
21689,616,Equinox
21722,469,Borders
21825,656,Whole Foods Market (Columbus Circle)
21836,2377,Per Se
21922,510,Starbucks
22025,39,Christopher Columbus Memorial
22038,1740,AQ Kafé
22072,436,Bolívar Plaza
22101,1899,Staples
22127,1455,Ritz-Carlton
22141,1192,Whiskey Trader
22144,2082,Shelly's Trattoria
22151,570,Dashing Diva
22157,354,Za Za
22167,2045,EE
22169,1501,Emack & Bolio's
22171,1036,Eddie's Market
22173,1798,Chase Bank
22178,1826,Mansion Diner
22185,1800,Bagel Bob
22186,2090,Steven by Steve Madden
22203,2269,Sugar Sweet Sunshine
22209,2086,Economy Candy
22256,1594,Verlaine
22258,2270,Kinski
22269,559,Babycakes
22273,1995,Sunita Bar
22295,2287,88 Orchard
22303,1841,Jin
22313,953,Starbucks Coffee
22328,2282,Essex Street Market
22331,2268,Saxelby Cheesemongers
22372,2088,Tenement Museum
22381,766,Gallery Bar
22386,891,Shopsin's
22473,426,The Grey Dog's Coffee
22477,1497,Strip House 
22481,1385,Gotham Bar And Grill
22487,2284,El Cantinero
22502,2117,Carnival
22506,1125,PPOW
22509,1727,Cafeteria
22513,132,Mixed Greens
22526,1458,Starrett Lehigh Building
22562,1082,McGarryBowen
22638,126,Frying Pan
22890,214,"Apple Store, West 14th Street"
22898,2076,The Diner
22918,1656,Mesa Grill
22919,2317,Borgo Antico
22948,2357,Agnes And Eva's Tasty Goods
23006,1074,Momofuku Milk Bar
23016,1373,Finnerty's
23023,7,Worlds Fair Marina Restaurant
23029,825,Old Homestead Steak House
23033,2051,Mexicana Mama
23053,1010,Bowlmor Lanes - Union Square
23073,852,Spice
23084,1513,ACME Jones Street
23093,1749,Juicy Couture
23134,1174,TBWA / Chiat / Day
23156,1248,Apollo Theater
23169,1602,Toast
23188,164,The Frick Collection
23200,1825,Gucci
23240,116,Tekserve
23281,736,Carmine's
23290,398,McDonald's
23320,1250,Millenium Broadway Hotel
23335,742,American Eagle Outfitters
23363,1667,Palace Theatre
23406,740,HAIR at the St. James Theatre
23498,1483,MTV Networks
23507,738,Sardi's Restaurant
23516,741,Gerald Schoenfeld Theatre
23529,1533,Music Box Theatre
23558,1535,Booth Theatre
23568,460,Rosie O'Gradys
23576,422,Stage Deli
23614,156,DBGB
23618,231,Desnuda
23620,665,Polonia Restaurant
23628,1070,Hotel East Houston
23636,1622,One and One
23639,1302,Shang
23650,1117,Sugar Cafe
23663,1531,Wildwood
23669,1212,Homes Kitchen
23675,1178,Wichcraft
23681,1376,Calvary Episcopal Church
23690,1334,Goodburger
23696,1323,Le Pain Quotidien
23701,1183,Mari Vanna
23707,169,Birthplace of Theodore Roosevelt
23716,1375,Big Daddy's Diner
23725,1423,Burson Marsteller 230 Park Ave South
23732,1518,The Theaters At 45 Bleeker Street
23741,227,International Bar
23754,1104,11th Street Bar
23761,870,Dallas BBQ
23774,867,Blue Owl
23782,669,Abraco Espresso
23791,802,Table 12
23806,367,Ost Café
23815,685,Hummus Place
23870,410,Veselka
23872,1076,Mamanis
23878,929,Stogo Ice Cream
23890,932,Liquiteria
23894,1108,Under St. Marks
23911,1102,Lunasa
23929,1337,Dumpling Man
23932,864,Thai Terminal
23935,732,Local Clothing
23942,1268,Rai Rai Ken
23960,863,Motorino
23964,1218,Skyline Hotel
23975,232,37 Arts
23983,318,Hudson Yards Café
23999,1138,Target
24143,1071,Holland Tunnel
24154,1056,Sweet Revenge
24194,731,The Blind Tiger
24205,1079,Bleecker Street Pizza
24210,452,Public House
24234,879,Roasting Plant
24238,454,Fantasy World
24244,141,LGBT Center
24250,124,Dance Theater Workshop
24261,621,Tamarind
24304,661,Digitas
24327,976,Baogette
24332,927,Mexico Lindo
24336,985,Gramercy Green
24340,1045,Best Wingers
24345,1189,Greenhouse
24346,807,Barista Express Soho
24348,841,American Eagle Outfitters
24371,1081,Delicatessen
24378,780,Jamba Juice
24389,1143,Warren 77
24393,969,Souen
24408,586,Soho Square
24411,659,Image Space Media
24420,735,American Airlines Theatre
24434,882,Parsons - The New School for Design
24446,679,Jimmy's Corner
24452,790,KickApps
24456,1013,Provance
24463,883,Hale And Hearty Soup
24474,672,BXL Café
24491,774,Aureole
24510,96,HBO Headquarters
24519,486,Plug Uglies
24535,495,Fish's Eddy
24552,630,City Crab & Seafood Co
24578,466,Starbucks Coffee
24610,170,Gramercy Tavern
24619,635,Chipotle
24658,591,Republic
24705,666,71 Irving
24714,850,NYU Palladium Gym
24720,984,Shades Of Green
24790,909,Trader Joe's
24806,395,Village Pourhouse
24854,637,McSorley's Old Ale House
24865,1014,Vive la Crêpe
24872,944,Crash Mansion
24890,145,Avery Fisher Hall
24897,606,40/40 Club
24917,493,Resto
24924,604,Next New Networks
24938,523,Starbucks Coffee
25047,600,Manhattan Mall
25056,333,DanceSport
25081,199,Rattle N Hum
25085,324,Crooked Knife
25114,576,Heartland Brewery
25123,355,Wine:30
25143,476,ilili
25145,186,NY Comedy Club
25147,702,Hangawi
25171,210,Hotel Roger Williams
25199,633,Nita Nita
25203,936,Pentatonic
25210,543,Pierogi
25226,494,The Gutter
25250,463,Brooklyn Label
25253,468,ALTER
25256,934,EAT
25263,191,Crowe's Nest
25287,286,Equinox
25290,285,Candle Cafe
25300,391,Taco Taco
25306,862,Dentist
25321,808,Johnny Rockets
25336,1345,Maru Maru
25351,375,Borders
25354,768,The Churchill
25412,41,Grand Hyatt New York
25449,776,JWT
25454,379,The UPS Store
25478,775,Pershing Square
25498,753,Starbucks
25510,853,Stand 
25514,527,Guitar Center
25606,789,AOL HQ
25691,138,Strand Bookstore
25695,501,OC East
25709,296,Recess
25710,292,Schematic
25726,381,The Urge
25803,424,Lombardi’s Pizza
25811,456,Quartino
25836,432,Freemans
25841,602,Elizabeth
25905,87,Whitney Museum of Art
25921,106,The Carlyle Hotel
25934,754,"Barnes & Noble, Citigroup Center"
25974,317,Lily's Restaurant
26063,458,Waldorf-Astoria Hotel
26084,413,Intercontinental Hotel
26092,483,Cafe Metro
26095,662,Silicon Valley Bank
26108,262,Sony Tower (formerly the AT&T Building)
26111,734,Hilton Theatre
26201,389,Herald Square
26211,321,Redeemer Presbyterian Church
26226,757,CUNY 
26241,626,MAC Cosmetics HQ
26256,599,Silver Center
26380,339,Union Square Greenmarket
26395,605,Starbucks Coffee
26409,663,Brooklyn Diner
26416,568,Ripley's Believe It Or Not Odditorium
26430,567,B.B. King Blues Club & Grill
26452,649,THE LION KING at the Minskoff Theatre
26469,374,Starbucks Coffee
26545,648,Marriott New York Marquis
26610,47,Hard Rock Cafe
26618,521,Bank of America
26640,569,Madame Tussauds
26650,529,Starbucks Coffee
26682,651,Planet Hollywood New York
26711,647,Best Buy Theater
26735,646,Bubba Gump Shrimp Co
26740,573,Starlite Deli
26761,645,MARY POPPINS at the New Amsterdam Theatre
26786,653,ABC Studios
26893,652,"Toys ""R"" Us"
26902,660,Cornelia Street Cafe
26909,589,Jekyll & Hyde
26926,453,Morandi
26944,638,Marie's Crisis
26955,587,Caliente Cab Company
26973,399,Red Bamboo
26991,514,Peanut Butter & Co.
27007,632,Minetta Tavern
27013,631,Shade Bar
27015,522,Red Flower
27016,624,Tools For Living
27239,197,"Apple Store, SoHo"
27249,448,Olive's
27260,614,Little Branch
27271,220,Blue Ribbon Bakery
27290,588,Five Guys 
27303,451,The Riviera Cafe
27324,534,NYU Kimmel Center
27339,612,Bleecker Playground
27349,455,Rich Dude's House
27352,590,Biography Bookshop
27360,288,Radical Media
27385,335,Ear Inn
27395,585,Statue Of Juan Pablo Duarte
27405,282,Bread Tribeca
27445,508,Tribeca Grand Hotel
27448,610,Cole Haan
27464,583,Gourmet Garage
27478,336,Calexico Burrito Cart
27512,387,La Colombe Torrefaction
27530,475,McNally Jackson Books
27562,446,Dean & Deluca
27565,397,Undercurrent
27568,444,OMGpop HQ
27607,378,'wichcraft
27610,130,Cohen's Optical
27705,400,Whole Foods Market (Union Square)
27709,560,lululemon athletica - Union Square
27729,406,Gandhi Statue
27749,411,Triumphant Washington
27797,309,Momofuku Ssäm Bar
27999,1615,Museum of Arts and Design
28065,1016,IFC Center
28259,1047,Mood Fabrics
28329,1657,Valhalla
28428,258,Trump Tower
28449,2393,Lindy's
28536,27,Staten Island Ferry
28580,13,Castle Clinton National Monument
28603,24,The Sphere
28614,22,4 World Trade Center
28624,21,5 World Trade Center
28654,20,1 World Trade Center
28752,38,Time Warner Center
28819,63,Ellis Island
28943,55,Statue of Liberty
29076,14,Battery Park
29130,69,Statue of Liberty Ferry
29140,558,Cafe Fiorello
29172,37,Trump International Hotel & Tower New York
29346,2246,Columbus Circle
29362,2379,Sustainable NYC
29466,198,Katz's Delicatessen
29495,1807,Jean Georges
29714,1051,Café Grumpy
29724,136,Lolita
29743,1891,Skylight Diner
29777,892,Starbucks
29851,778,The Roger Smith Hotel
29859,2003,LQ New York
29958,677,"Intrepid Sea, Air & Space Museum"
30374,143,Rockefeller Center
30676,1053,Greeley Square Park
30703,218,Think Coffee
30772,2230,NYU Stern School of Business
30796,992,Tonic Bar
30812,2197,Playwright Tavern
31049,142,Radio City Music Hall
31225,252,Foursquare HQ
31252,440,B Bar and Grill
31374,155,Bloomberg HQ
31407,1580,El Beit
31421,1819,Permanent Brunch & Burger [NOW CLOSED]
31440,1839,Bar None
31617,2422,Hilton New York
31661,308,Magnolia Bakery
31786,2009,Top of the Rock
31830,1328,Otto Enoteca Pizzeria
31938,44,'wichcraft
32004,1382,Craftsteak
32022,435,The Park
32050,1380,Morimoto
32094,1733,CBS
32211,1947,Terminal 3 at JFK
32330,2371,Terminal 7 at JFK
32448,412,Terminal 8 at JFK
32501,2193,The Manhattan at Times Square
32703,931,Terminal 1 at JFK
32771,1787,Momofuku Noodle Bar
32807,82,Roosevelt Island Tram ~ East Station
33114,477,Columbia University
33386,1468,The Old Print Shop
33410,1488,Penelope
33452,2255,Live Bait
33507,2432,New York Life Building
33593,358,Hotel Chelsea
33883,1461,Brooklyn Promenade
33888,1737,Senator Robert F. Kennedy Sculpture
33922,1910,TED
33930,1176,Purl Soho
33944,70,Dana Discovery Center
34102,270,Statue of Atlas
34117,655,Banana Republic
34149,73,Umpire Rock
34220,247,Serendipity 3
34299,84,Bloomingdale's
34330,135,wd~50
34352,1728,Essex
34368,1216,Harry Winston Jewelers
34406,71,Heckscher Playground
34426,1754,Cafe Boulud
34569,86,St. Patrick's Cathedral
34603,1128,"H&M, Rockefeller Center"
34621,2321,Palace Hotel
34678,148,Time & Life Building
34710,722,Steve Madden
34808,1627,Think Coffee
34888,1600,Kidrobot
34927,2116,Canal Room
34970,1297,Tribeca Tavern
34995,1026,Landmarc
35020,2104,American Apparel
35519,575,Campfire NYC
35663,401,Food Network
35709,791,Tick Tock Diner
35877,910,Jacob K. Javits Convention Center
35940,40,United Nations
35967,332,New York City Center
35980,995,Walter Kerr Theatre
36002,739,Majestic Theatre
36070,2191,Boxee HQ
36080,1748,Ennju
36198,1232,"Barnes & Noble, Union Square"
36446,1603,Charging Bull
36467,23,7 World Trade Center
36474,188,Ladder 10 Firehouse 
36520,795,Century 21 Department Store
36552,60,Ellis Island Immigration Museum
36558,1154,Colgate Clock
36766,1907,Caffe Reggio
36811,1485,Mercer Hotel
36845,1252,The Bowery Hotel
36947,1119,Starbucks
36989,2224,Starbucks - E51st
37091,2461,Rainbow Room
37121,1452,LOVE
37194,1207,Le Parker Meridien
37262,965,Carnegie Hall
37327,966,Carnegie Deli
37400,49,Ed Sullivan Theatre
37503,50,Winter Garden
37508,1949,Elle Magazine
37542,45,Bank of America Tower
37810,244,M&M's World
37896,1092,Facebook New York
37947,743,tkts (Discount Theatre)
38106,195,Robert F. Kennedy / Triboro Bridge
38147,1980,HOW TO SUCCEED at the Al Hirschfeld Theater
38170,1734,Starbucks Coffee
38252,1190,Gansevoort Hotel
38448,166,George Washington Bridge
38708,1317,Lincoln Tunnel (NJ Side)
39150,8,Yankee Stadium
39274,319,Jamaica LIRR Station
39308,77,Junior's
39314,1425,Central Synagogue
39328,1703,Manhattan Center
39344,1724,Lucy's Cantina Royale
39362,1136,Hammerstein Ballroom
39374,1709,diggNATION
39383,1342,Niles
39390,1710,New Pizza Town II
39399,1697,A&E Television Networks
39403,1693,Taipei Economic And Cultural Office
39406,1683,Sushi Time
39423,1413,Red Mango
39433,1019,Garrett Popcorn Shops
39465,200,Hotel Pennsylvania
39481,184,11 Madison
39500,1306,Madison Square Park Playground
39511,1327,Affinia Manhattan
39553,779,W Hotel
39584,935,The Kabbalah Centre
39588,1476,BusinessWeek
39595,994,Virgin records
39606,1296,Pigalle
39616,1475,St. Bartholomew's Church
39792,1100,Tom & Jerry's
39799,978,Ninth Street Espresso
39904,25,Battery Gardens
39938,102,Trailer Park Lounge
39956,115,Murray's Bagels
39960,137,Appellation Wine & Spirits
39975,289,I Tre Merli Bistro
39981,419,Greenwich Letterpress
40013,163,The Stonewall Inn
40017,331,Playground Of The Americas
40020,129,Milady's
40031,243,Pravda
40036,211,Temple Bar
40045,1729,Hotel Giraffe
40052,1706,Convivio
40200,2419,Starbucks
40210,975,FIKA espresso bar
40214,2415,Tim Hortons
40219,1735,New York Film Academy
40224,2349,No. 28
40236,2323,The Marcel At Grammercy
40246,1277,Benjamin Hotel
40274,1479,Carlton Hotel
40334,425,Vynl
40352,294,BBDO Worldwide
40381,1271,Gordon Ramsay at The London
40487,1539,Therapy
40515,512,44 & X
40626,622,B&H Photo and Video
40636,1571,Hampton Inn 
40661,1,New York Botanical Garden
40817,72,Heckscher Ballfields
40988,1358,Grom
41039,572,NYU Bobst Library
41083,1723,Legends
41116,1333,Blue Smoke
41189,636,Hoboken Terminal
41230,356,Dos Caminos
41246,542,Isham Park
41266,2455,Old Town Bar
41316,1708,230 Fifth
41365,1532,House Of Brews
41620,201,Newark Penn Station
41771,429,Riverside Square Mall
41939,4,Citi Field
41971,35,Izod Center
42018,1313,Wellmont Theatre
42083,171,Ristorante Babbo
42091,215,Café Café
42115,1091,D.J. Reynolds Pub & Restaurant
42166,1516,Rodeo Bar
42177,0,The Box
42191,128,Apotheke
42293,2118,The Standard Grill
42372,1332,i Trulli
42413,242,Café Habana
42455,54,Alexandre Gustave Eiffel
42612,1144,Ciao Resturaunt
42664,701,Piano's
42689,1541,Simone
42789,1545,IKEA
42833,1549,7A
42858,15,Bowling Green
42892,1236,John's Pizzeria
42940,2164,Doc Holliday's
42944,871,Virage
43039,1954,Pegu Club
43047,2060,East Side Social Club
43052,1238,Bourbon Street
43057,1776,Wired Store
43114,442,Millenium Hilton
43128,900,Roc
43133,2132,Manhattan Place
43230,167,Verrazano-Narrows Bridge
43279,2392,Queens Place Mall
43306,1443,Whitestone Bridge
43324,6,Flushing Meadows Corona Park
43358,1421,Grounded
43429,2285,Equinox
43518,1135,Max Brenner
43535,2307,Helen Mills Event Space
43544,1653,Crumbs
43567,305,Equinox
43588,182,New Rochelle Station
43606,1066,Frederick P. Rose Hall
43654,1597,Starbucks
43667,1214,Starbucks
43714,464,Starbucks
43798,341,Saks Fifth Avenue
43804,88,Ralph Lauren Polo Flagship 
43818,2137,Le Pain Quotidien
43827,1257,Banc Cafe
43906,254,TAO
43923,1254,ABC News
44027,1001,Staten Island Ferry
44219,1526,Rosa Mexicana
44493,1450,Marriott Residence Inn
44539,1037,"Barnes & Noble, Fifth Avenue"
44612,1544,Bolt Bus Stop
44666,1726,The Ginger Man
44674,1240,Adega Bar And Grill
44683,549,Holsten's
44702,1442,Just Jakes
44712,1139,Raymond's
44866,1310,Whole Foods
44893,674,Starbucks
44909,1753,Elevation Burger
44937,2343,Scandinavia House
44945,513,Walnut Street Station
44949,673,Comb
44962,404,Hallo Berlin
44987,2152,The Pony Bar
45008,1768,Corrado Bread & Pastry Cafe
45103,2407,Gristedes
45112,762,US Postal Service Office
45141,415,Hunter College
45177,1999,Art Bar
45249,1785,Lexington Armory
45326,2170,Borders
45372,1231,Zibetto Espresso Bar
45396,1543,Starbucks
45409,1453,Jekyll And Hyde Club
45435,1033,FIKA espresso bar
45450,97,Nobu
45461,366,Paris Theater
45480,1900,Buckingham Suites
45483,2025,eBay Holiday Popup Store
45509,255,Louis Vuitton
45517,1430,Sony Music - D2C
45536,259,Playboy Enterprises HQ
45647,261,590 Madison Avenue
45672,2308,Lexington Avenue—53rd Street Station
45714,2068,American Girl Place
45740,2368,Two Boots (Grand Central)
45910,1878,Barnes & Noble
45934,1633,Bay Plaza
45979,2083,Serafina Fabulous Grill
46002,235,Roscoe Conkling
46015,2106,Così
46030,127,Design Within Reach
46073,271,Olympic Tower
46094,256,Bergdorf Goodman Mens Store
46102,2123,Eat Here Now
46139,993,Hershey's Times Square
46169,806,News Corporation
46215,896,Bubby's
46298,1873,Café Select
46306,1893,Joseph Leonard
46417,2075,Tompkins Square Park Playground
46466,2380,Luke's Bar and Grill
46473,2055,Bobo
46507,423,North Cove Marina
46523,373,Pier 83
46536,372,Gray's Papaya
46538,365,Doubletree Hotel Jersey City
46632,1777,Betaworks
46671,1319,Cha Cha's
46735,2033,The Hudson Hotel
46820,1072,El Centro
46835,187,Teuscher
46862,1659,Kellari Taverna
46940,2280,Lunch Box
46951,206,Morning Star Restaurant
47013,236,Houndstooth Pub
47094,276,Chelsea Piers Golf Club
47211,1794,92Y Tribeca
47292,657,La Colombe Torrefaction
47308,1505,Starbucks
47375,2448,Moomah Cafe
47391,1803,Trattoria Cinque
47541,1974,Sunshine Suites
47552,274,Starbucks Coffee
47581,1850,White Star
47600,752,Dag Hammarskjöld Plaza
47620,751,Tudor City Greens
47644,2370,TopShop
47661,1454,B Cup Cafe
47694,28,One New York Plaza
47765,1838,Long Island Expressway
47836,1490,Queensboro Plaza Station
47847,2452,Duane Reade
47856,781,Pret A Manger
47874,1582,Chorus Karaoke
47916,1276,Fanelli's Cafe
47945,1809,Bleeker Bar
47984,1075,Co.
48051,1833,Dang Lai Palace
48087,2482,Gem Chelsea Hotel
48166,681,AMC Loews Lincoln Square 13
48202,202,Hope Garden
48238,526,Wendy's
48266,222,New York Hotdog & Coffee
48332,1993,Madam Geneva
48362,943,Dos Caminos
48401,1315,The Ainsworth
48422,1196,New York Presbyterian Hospital
48430,686,United Palace
48432,548,Dunkin' Donuts
48437,767,Aki Japanese Cuisine
48440,1680,World Headquarters Club ABC
48452,1484,Sutton Plaza
48453,1766,Dunkin' Donuts
48455,729,Passionné
48461,794,Manganaro Grosseria Italiana
48476,1320,Hell's Kitchen
48479,537,Boi Na Brasa
48528,498,Prudential Center
48535,536,Mompou
48541,547,Tick Tock Diner
48659,1489,Dunkin' Donuts
48735,1552,Gemini Diner
48787,2023,St. Vartan Park
48876,1500,AMC Loews Kips Bay 15
48999,347,School of Visual Arts
49032,2218,202 Spring Street
49154,83,Roosevelt Island Tram Station (West)
49172,2161,Todaro Bros. Specialty Foods
49180,2261,Saint Vartan's church
49205,2339,The News Building
49209,1230,Ad Council
49214,2338,WPIX - Channel 11
49281,1990,Geraldine Schottenstein Cultural Center
49447,1440,The Devon
49451,1991,El Parador Cafe
49603,2066,Queens Library
49707,31,Pace University
49733,74,1 Police Plaza
49796,2290,School of Visual Arts
49967,2108,14th Street PATH Station
50095,2262,Medical Arts Center
50256,416,OkCupid World Headquarters
50261,359,Stush Music Studios
50317,970,Upright Citizens Brigade Theatre
50569,973,Transmitter Park
50633,2171,Beaux-Arts Institute of Design
50646,1222,The Comfort Diner
50666,777,Midtown Comics (Grand Central)
50680,911,The Union League Club
50785,1465,Atlantic Terminal
50798,1637,Pacific Street Station
50807,1245,NYU Medical Center
50815,1346,Ess-a-Bagel
50919,1225,Pfizer World Headquarters
50925,1590,Black Out
50965,2235,Chennai Garden
50980,2187,122 East 82nd Street
50989,1401,Engine Company 44
51219,577,Ralph Bunche Park
51234,1558,Press NY
51352,1436,Newark Broad St Station
51390,2223,Six Apart
51409,1146,Baluchi's Soho
51416,873,Anthology Film Archives
51451,248,The New York Helmsley Hotel
51462,1752,Art Directors Club
51466,221,Here Arts Center
51816,2175,Rivergate Veterinary
51921,1478,Behavior
51955,185,St. Peter's Church
52209,1578,Caracas Arepa Bar
52264,571,New York City Supreme Court
52333,2049,Dos Caminos
52409,628,NYU Education Building Computer Lab
52411,2288,NYU Psychology Building
52464,1655,Ess-a-Bagel
52477,564,Starbucks Coffee
52675,725,Maggie's Town Tavern
52772,949,Bonjour Monsieur Creperie
52806,1150,Toast
52839,801,Nauna's Bella Casa
52843,371,Ruthie's BBQ & Pizza
52864,942,Target
52935,450,Bouchon Bakery
52998,1023,The Bell House
53004,617,MWW Group
53005,364,Tina Louise
53024,2312,Gottino
53064,1926,Double Tree Hotel
53076,149,Va Bene
53170,311,West Midtown Ferry Terminal
53179,361,Atelier Rooftop
53259,1780,Shaffer City Oyster Bar
53276,1579,Grand Sichuan
53289,89,Hermes
53326,1781,Core Club
53507,58,Statue of Liberty Gift Store
53512,56,Statue of Liberty Pier
53522,53,Observation Deck on the Statue of Liberty
53559,312,Hudson River
53563,492,Lincoln Harbor
53600,293,Sea Port Coffee Shop
53726,61,Ellis Island Ferry
53745,59,Liberty Island Ferry
53761,175,Battery Park Playground
53794,1711,Norwood
53844,641,Schnipper's Quality Kitchen
53875,212,The Gates
53930,1913,Chipotle
54000,2324,POP Burger
54006,2128,La Villa Pizzeria
54012,1374,Blue Ribbon Brooklyn
54067,1860,Starbucks Coffee
54118,290,Edelman HQ
54162,1202,Best Buy
54201,1134,Stout NYC
54302,1937,Best Buy - UWS
54365,2426,Starbucks Coffee
54470,1642,Starbucks Coffee
54496,1017,Starbucks
54579,1087,Roosevelt Hotel
54618,2443,Starbucks 1345 6th Avenue
54655,1929,West Side YMCA
54778,1353,Rebel Rebel
54892,1631,McCarren Park
54921,1249,Burrito Box
54946,2061,Europan Bakery Cafe/Johns Pizza
54972,1405,Wafels & Dinges
55045,2037,Kaufman Astoria Stadium 14
55141,2109,"Barnes & Noble, Court Street"
55215,2085,Jumeirah Essex House
55278,1063,Mayahuel
55518,428,Grant's Tomb
55532,427,Riverside Church
55575,1275,Alliance Bernstien Building
55611,479,Hearst Building
55684,1806,Henri Bendel
55699,224,The Citigroup Center
55720,263,Sony Plaza Public Arcade
55797,1783,Monkey Bar
55898,563,Sarabeth's Central Park South
55938,111,Barneys New York
56053,504,New York Institute Of Technology
56128,2265,RRE Ventures
56184,92,Jimmy Choo
56193,266,The Carriage House
56226,265,Subway Inn
56274,253,Argosy Books
56344,959,Candle Cafe
56414,1767,Day Dermatology
56434,1654,Gristedes
56503,923,Candle79
56533,611,Via Quadronno
56556,107,Saint Ambroeus
56630,388,Lenox Hill Hospital
56647,1576,Butterfield Market
56726,108,La Maison du Chocolat
56729,109,L' Occitane
56734,281,Bar Italia
56751,1187,Johnny Foxes
56785,1595,Tal Bagels
56904,1847,Jack Russell's Pub
56910,1762,Mustang
56954,1948,Best Cellars
56978,1599,Manhattan Church Of Christ
56981,1039,Baxter Home
57024,1879,Rathbones
57050,1970,Pick Up Stix
57061,1965,Lex Restaurant
57136,1964,Dunkin' Donuts
57276,1950,Duane Reade
57384,1971,Trafalgar House Condominium
57415,2484,St. Nick's Pub
57421,1193,Harlem River Houses
57451,9,Hard Rock Cafe
57473,2219,Yankees Ticket Office
57511,10,Babe Ruth Plaza
57574,1909,Culinary Media Network HQ
57577,1933,Manhattan Bible church
57584,1080,N2XY
57654,306,Marcus Garvey Park
57704,2031,Spatta Cafe
57754,1388,Maison Du Minor
57817,2007,CVS Pharmacy
57832,2013,Dunkin' Donuts
57849,438,Duke Ellington Circle
57881,607,Lolita's Mexican Restaurant
57908,2067,Food for Life Supreme
57960,1638,Fulton Mall
57978,629,Lucali
58059,2077,Brooklyn Botanic Garden
58094,555,Brooklyn Museum
58097,2365,Farinella
58148,1481,The City Bakery
58158,1744,Rubin Museum of Art
58166,2122,The Dish
58181,2174,Billy's Bakery
58228,1772,Diane von Furstenberg
58250,1393,Hogs & Heifers
58338,2029,Tory Burch
58356,615,5/9th
58364,1038,Macelleria
58392,1581,Entwine
58467,1788,Turks & Frogs
58539,1804,The Otheroom
58563,140,The Rusty Knot
58646,2050,Malatesta
58647,1441,The Archive
58726,2227,Starbucks Coffee
58809,1258,"frog design, inc."
58862,1291,Antarctica
58939,906,Wolfgang's Steakhouse
58985,907,Dylan Prime Steakhouse
59019,1918,Nobu
59051,2221,POKE New York
59092,2431,Rosetta
59122,905,'Wichcraft
59131,898,Tribeca Grill
59135,2351,TriBeCa Deli
59149,897,Locanda Verde
59172,2275,Peace & Love
59192,899,Dean's
59214,904,Bazzini
59231,1495,Hideaway
59245,901,Salaam Bombay
59261,902,Washington Market Park
59268,903,Stuyvesant High School
59327,1934,Whole Foods Market (Tribeca)
59351,176,Tear Drop Park
59436,574,Amish Market
59493,1472,Kaffe 1668
59539,2052,PS 450
59547,217,New York Theatre Workshop
59837,473,Ollie's
59857,688,Famous Original Ray's Pizza
59863,2222,Sam Ash Music
59875,2395,Sbarro
59884,726,The View Restaurant
59888,1494,Sage Theater
60056,1191,Bed
60136,2172,British Airways Terraces Lounge Terminal 7
60235,551,Ben's Kosher Delicatessen
60293,763,Rogue
60307,234,William H. Steward
60316,2440,Olive Garden
60366,634,The Limerick House
60411,1712,Eatery
60426,1362,Caffé Del Mare
60435,2492,Home Sweet Home
60470,1665,Benny's Burritos
60475,1107,Anna Maria Pizza
60528,990,Nathan's Famous Frankfurters
60571,2252,Creperie-Crepe De Paris
60581,1213,Tea Lounge
60602,1646,Dean & Deluca
60645,1601,Starbucks
60676,1349,Bark Hot Dogs
60722,854,Calexico Carne Asada
61075,2319,NYU Silver Towers
61178,1765,Starbucks 52nd & 8th
61200,2295,Lucky's Famous
61313,2229,Honshu Sushi
61403,1611,Hoboken Waterfront - Pier A Park
61480,2469,Daisy May's
61530,2394,Mooncake Foods
61670,1960,Hotel Griffou
61728,1243,Grove St PATH Station
61737,2044,LITM
61815,1279,City Winery
61836,1859,AMC Aviation 12
61859,671,The Little Owl
61912,1259,Starbucks Coffee
61920,1379,Sonic
62039,597,Jersey Gardens
62073,712,Longhorn Steakhouse
62127,1424,Dunkin' Donuts
62191,383,The Cloisters
62280,518,"Starbucks - Terminal C, EWR"
62481,499,Bar Tabac
62546,511,Cookshop
62583,408,Spike Hill
62641,1377,Sir Harry's
62683,402,Chelsea Clearview Cinemas
62695,2356,American Airlines Admirals Club  - Concourse D
62796,1460,Trader Joe's
62863,1417,Cafe Pedlar
62897,1022,Prime Meats
62905,2489,The Brooklyn Inn
62911,2257,Starbucks
62927,691,Clover Club
62986,386,Blip.tv Headquarters
63132,1287,President's Club
63156,2004,Presidents Club Gate 71
63305,1177,Local
63322,1517,Rhong-Tiam [NOW CLOSED]
63519,345,Klee Brasserie
63692,1994,Park Ave Bar & Grill
63705,330,Madison Bar & Grill
63706,329,Hoboken North
63736,1365,Starbucks
63817,1398,Columbus Park
63993,2196,Ginger House
64138,1741,Johny's
64214,1586,Flatiron Lounge
64269,1666,Spin NY
64307,250,Craftbar
64370,832,"Center Stage, NY"
64412,2463,Aleo
64461,1474,Seed Media Group
64484,1808,Sistina
64521,1241,Hi Life
64525,664,Sable's
64537,1502,Bardolino
64646,385,OK Central Deli
64950,1771,The Bread Factory Cafe
65062,1226,Vine
65083,11,McDonald's
65169,1824,Xoom
65180,2384,Express
65266,418,Whiskey Cafe
65339,351,Bergen Town Center Mall
65418,716,"Apple Store, Paramus"
65487,562,Garden State Plaza
65490,430,Barnes & Noble
65516,2133,Chop't
65539,1756,Diablo Royale
65558,1921,The Redhead
65605,2347,Chop't
65621,803,Marco & Pepe
65643,866,Marc By Marc Jacobs
65665,2462,Rub BBQ Restaurant
65669,1351,Pure Dark
65686,1972,F.S.C. Barber
65696,1477,Momofuku Má Pêche
65707,2041,Meze Grill
65716,272,J. Crew
65937,680,Sake Bar Hagi
65966,2054,Hell's Kitchen
66077,507,Chelsea Brewing Company
66102,608,Ellen's Stardust Diner
66227,300,Crowne Plaza Hotel
66244,302,Chipotle
66271,1247,Starbucks
66500,481,Old Buddy Media HQ
66558,2342,The Kitano
66614,303,Duke's
66628,2080,Sarge's Deli
66630,1988,Wild Edibles
66669,2473,Vaughn College Of Aeronautics And Technology
66680,350,Wild Asia Monorail
66707,161,Game Stop
66709,2438,Kinokuniya
66756,2433,The Pump
66832,2201,Seppi's
66915,280,Rise At Ravel
66969,1550,Energy Kitchen
66987,264,New York Health and Racquet Club
66990,2169,Mercedes Benz Manhattan
67013,2078,Damrosch Park
67075,2364,Elle Girl
67130,2263,Special Coffee And Donut
67143,2451,Five Guys Burgers and Fries
67159,190,Menkui Tei
67219,1976,Dean & Deluca
67235,496,McDonald's
67264,1930,Citibank Columbus Circle
67317,2072,Silver Star
67321,1237,Hot & Crusty
67327,279,Becky's
67340,2110,15 Central Park West
67348,1381,Del Posto
67371,2326,Wellington Hotel
67377,2274,Katz Media
67390,2300,Estiatorio Milos
67396,295,Central Filing
67400,1835,David Z
67405,1224,Pretzel Dude Outside MOMA
67418,2266,Lee's Art Shop
67434,1555,Whym
67452,490,Complex Magazine
67460,1614,Blue Ribbon Sushi
67564,193,Metropolitan Oval 
67570,196,Hugh Grant Circle
67596,1707,Film Center Cafe
67603,1691,La Bella Stella Pizzeria & Restaurant
67609,2217,Markers Restaurant
67677,2194,Candlewood Suites
67730,1083,The White Horse Tavern
67734,1272,Cafe Panino Mucho Giusto
67758,95,The Spotted Pig
67856,216,Brooklyn Battery Tunnel
67892,1206,Columbine
67941,2208,10 Exchange Place
67955,485,Chelsea Mercantile
68069,2251,Pipa
68117,12,The Bronx Zoo
68150,2399,Bay Plaza
68155,1922,174st. Bronx River Ave. 10472
68220,287,Pelham Bay Park
68314,139,New York Aquarium
68328,226,The Connelly Theater
68333,246,The Creative Little Garden
68385,983,Mee Noodle Shop & Grill
68400,1530,Waterfront Ale House
68451,1371,Silver Spurs
68632,2429,Ruby's
68667,2159,Kellogg's Diner
68714,304,Carmine's
68722,327,White Castle
68738,1131,Epistrophy Cafe
68790,1613,Garden Of Eden - Specialty Foods
68843,1816,Starbucks
69018,1109,Macri Park
69165,2010,Patsy's Pizza
69428,997,Knockerbocker Bar & Grill
69480,2210,Pavonia-Newport PATH Station
69502,1604,Canis Minor
69573,1701,Little Italy Pizza
69612,2146,Henry Hudson Bridge
69618,2098,207th Street Station (Broadway)
69697,1185,Columbus Park
69753,531,Lehman College
69872,1935,Starbucks
69880,1663,Blue Marble
69957,1215,Uno Chicago Grill
70026,207,The Modern
70056,2362,TGI Friday's
70111,1020,Borders
70126,2278,Dake Sushi
70136,2430,Chase
70155,2150,Megabus Bus Stop (dropoff)
70293,596,Burritoville
70414,1553,Doma
70600,2250,Local 138
70685,1244,33rd Street PATH Station
70753,1750,Panera Bread
70825,520,Starbucks
70870,544,Dunkin' Donuts
70881,1281,Hackensack University Medical Center
70901,2129,AMC Clifton Commons 16
70977,457,T.G.I. Friday's
70983,834,Lyndhurst Bridge
71073,765,Lyndhurst Diner
71111,2333,IHOP
71208,1855,The Half King
71308,337,Subway
71372,2181,Qi
71382,1832,Au Bon Pain
71436,1106,Blockheads
71456,595,"MTA Coney Island - Stillwell Av [D,F,N,Q]"
71471,2231,Morrell Wine Bar & Cafe
71515,1446,Linden Train Station
71586,1113,Mamoun's Falafel
71657,1414,Bedouin Tent
71680,357,Hanks
71684,1459,Betty Bakery
71691,1305,Flying Saucer
72025,1422,Throgs Neck Bridge
72165,957,Bronx Zoo - Children' Zoo
72195,908,TriBeCa Cinemas
72217,34,J P Morgan Chase
72300,1188,Bowery Ballroom
72318,2335,St. John's University
72387,154,Choice Market
72424,1814,Char No. 4
72551,1403,Brooklyn Public Library (Central)
72588,1255,Common Grounds
72604,1569,Brooklyn Larder
72623,1786,FoodTown
72624,1641,Ms Dahlia's Cafe
72626,1265,La Table Exquise 
72639,1220,Bread Stuy
72783,1324,Nice Green Bo
72828,1658,New World Stages
72909,2301,NYU Torch Club
73059,1307,Au Bon Pain
73072,2247,Pinkberry
73136,51,Paramount Plaza
73173,928,Nha Trang Centre
73246,245,International Center of Photography
73255,2168,George M!
73362,2189,Pam Real Thai Encore
73410,393,Joshua Tree
73414,1256,Tai Thai
73484,1416,Ethel Barrymore Theatre
73502,885,Frontier Coffee Shop
73611,1982,O'neill's
73637,5,Queens Museum of Art
73842,951,Vezzo
73908,888,Ben Jack's
73931,2087,Overlook 
73996,1848,Traffic
74124,566,Ollie's
74173,2272,Pret A Manger
74289,491,Campus center
74347,462,New Jersey Institute Of Technology
74446,1730,Abigail
74506,554,Union Pool
74533,2258,The MetLife Building
74576,698,Target
74581,981,Auntie Anne's Pretzels
74588,2020,Sephora
74642,2311,Croxley's Ale House
74745,1372,Grace Church
74810,1871,Starbucks
74816,1681,Vinmont Veteran Park
74844,1141,Dickenson High School
75021,1966,Journal Square PATH Station
75057,769,Prosperity Dumpling
75136,2057,Gossip Bar & Restaurant
75212,2293,Rayburn Music New York
75222,36,Meadowlands Racetrack
75283,2040,Second Stage Theatre (2ST)
75343,1034,GameStop
75378,1069,Porchetta
75454,1370,Aqueduct Race Track
75534,818,Wondee Siam III
75557,804,Kashkaval
75593,1651,Broadway Station
75751,1870,Hoboken Gourmet Company
75764,1457,Starbucks Coffee
75814,1608,Crumbs
75844,301,The Viceroy
75869,2225,Emmanuel's
75873,1392,PNC Bank
75914,1609,W Hotel - Bliss Bar
75951,1428,A&P Fresh Market
75957,1462,maroon
76014,1945,Lomography
76023,1352,New York Sports Club
76092,1992,CJ Sullivan's
76097,1792,Dunkin' Donuts
76100,1791,The Fairview
76104,1784,Rosa Pizza
76132,1429,Saigon Grill
76191,1739,Marble Hill Metro-North Station
76237,517,Starbucks
76296,506,Xie Xie
76405,1577,200 Fifth
76462,382,Fort Tryon Park
76507,1166,Starbucks (910 Manhattan)
76541,792,Cooper's Tavern
76581,1542,Starbucks
76587,1773,HSBC
76593,1130,Ricky's NYC
76601,1431,Burger King
76688,1796,Rambling House
76726,2073,Lenny's 23
76799,2314,Park Slope Ale House
76817,939,Pavillion Park Slope
76832,1396,Park Slope ChipShop
76855,877,Dizzy's
76935,1506,Ozzie's Coffee & Tea
76944,809,La Bagel Delight
76969,1347,7 Ave Donuts
77034,960,Two Boots Brooklyn
77039,2093,Williamsburg Savings Bank Building
77042,1975,American Beer Distributing
77099,1551,Purity Diner
77178,1420,Cadman Plaza Park
77185,1084,Court Square Diner
77215,980,"Barnes & Noble, Park Slope"
77253,2024,Good Stuff Diner
77293,204,Bean & Bean
77336,2354,Zeytuna
77356,1626,Wall Street Station
77449,812,Smiling Pizza
77454,886,Colson Patisserie
77471,1598,Flatbush Farm
77472,2138,Fay Da
77646,1239,Zeppelin Hall
77738,2336,Gild Hall
77808,1984,DB Bistro Moderne
77851,827,O'Neill's Irish Bar
77856,2320,Sofia Wine Bar and Café
77901,1867,Lansdowne Road
77940,2289,Tehuitzingo
78025,1515,Hibernia
78054,1686,Wendy's
78078,2481,Rudy's
78094,1716,The Black Door
78161,623,Twins Pub
78222,1845,"Gap, Fifth Avenue"
78293,1959,Central Parking
78301,1700,'wichcraft
78347,1018,Kmart
78443,1761,Burp Castle
78451,431,P.F. Chang's
78529,1889,Blue Ribbon Brasserie
78615,2074,Key Foods
78618,2008,Prospect Perk Café
78643,1321,Fresh & Co.
78716,203,The George Gustav Heye Center
78900,618,Starbucks Coffee
78991,1123,Mad Dog & Beans
79015,384,Museum of Jewish Heritage
79028,889,Chipotle
79113,2447,Tribeca Smiles
79205,1397,U.S. Federal Courthouse
79209,75,Brooklyn Supreme Court
79263,1674,Carroll Park
79357,1605,Adrienne's Pizzabar
79376,1967,Dyckman Street Station (Nagle Avenue)
79386,2279,Dykman Street Station (Broadway)
79447,1120,Starbucks Coffee
79547,1246,Starbucks Coffee
79559,30,Engine Company 4 Ladder Company 15
79576,2328,Square Diner 
79624,917,Red Egg
79674,1065,NYU Skirball Center For The Performing Arts
79714,851,Peter Blum Gallery
79769,724,Chill
79786,2151,"H&M, Soho"
79788,1368,Rock & Roll Hall Of Fame: Annex NYC
79823,2215,Hot Mini Cakes
79860,2405,Sláinte
79923,1496,300 East 34th Street
79951,1953,SDC Office
79962,1293,La Siren
79974,1390,New York City Fire Museum
80006,2476,Churrascaria Tribeca
80028,619,Souths
80055,813,Western Spirit
80074,977,Carve
80101,829,Hilton Newark Airport
80198,603,Qdoba Mexican Grill
80278,1983,Brooklyn Bowl
80293,320,Port Imperial
80325,1705,Haru Sushi
80358,1795,Cool Plaza Thing
80390,189,Tribute WTC Visitor center
80441,192,UBS Building
80551,1743,Monster Sushi
80567,593,A Salt And Battery
80580,328,Burrito Bar & Kitchen
80751,1182,Heartland Brewery
80861,1095,Villa Rustica
80870,1148,Sette
80913,208,Happy Ending
80921,1644,Crisp
80936,1042,Four Points Sheraton - Chelsea
80959,1433,Cobble Hill Cinema
81065,580,Zanzibar
81075,798,Five Guys Burgers and Fries
81112,103,Deity
81157,721,Aldo
81191,1823,Prime Meats
81245,1670,Union Street Station
81278,1160,Riverbank State Park
81331,1554,Bageltique
81356,1721,Chipotle
81369,2102,Pipa
81392,797,Latitude
81406,1774,Home on 8th
81413,1849,Tre Dici Steak
81423,1671,Union Street Bridge
81433,720,The Old Stone House at Washington Park
81446,895,Walker's
81468,2340,5th Ave. Market
81481,2012,Brooklyn College
81693,727,Empire Coffee & Tea
81714,2468,Henry Public
81727,1055,Baked
81749,1052,Fort Defiance
81785,1811,Brandy Library
81809,1464,Hillstone
81827,1940,Hanco's Bubble Tea & Vietnamese Sandwich
81842,1223,Cubana Cafe
81860,407,Brooklyn Social
81897,1688,Manhattan Espresso Cafe
82011,699,P.F. Chang's
82063,445,Roasting Plant
82068,1591,The Dressing Room
82157,268,Whole Foods Market (Bowery)
82213,1344,Walter's Pet Styles
82265,1719,"‘inoteca, liquori"
82272,233,The Salvation Army Thrift Shop
82298,487,Chipotle Mexican Grill
82302,2186,Mi Nidito
82305,2220,Hampton Inn
82325,1006,Vlada Lounge
82367,2458,Tout Va Bien
82378,159,Dutch Kills
82382,991,Blockheads
82409,1713,Cornerstone
82413,2442,USPS — FDR Station
82466,565,Dream Hotel
82595,2331,Hilton
82636,2254,Desmond's Tavern
82893,434,Raj Mahal
82983,1702,Killarney Rose
83048,1669,Brooklyn Industries
83061,2134,Lobo
83093,1118,Starbucks Coffee
83130,1661,Brooklyn Industries
83163,2036,Queen of Sheba
83283,2026,Arlington Diner
83316,840,Brick Lane Curry House
83358,2100,The Town Hall
83387,369,Edgewater Multiplex Cinemas
83396,349,Starbucks (Edgewater)
83482,706,Haru
83486,695,Brooklyn Artists Gym
83510,2477,Sing Sing Karaoke
83564,2236,Stop Shop
83620,2313,Wicked Willy's
83629,1208,New Jersey College Of Design
83662,1924,Hammerstein Ballroom
83691,1162,Chipotle
83754,842,Hive Awards Office
83764,1031,"Organic, Inc"
83843,1395,Market Place Bistro
83911,1195,Mindshare
83915,2286,International Food House Restaurant & Buffet
83951,793,Uncle Jack's Steakhouse
84078,515,TD Bank
84092,826,Holiday Inn Express
84104,1221,Szechuan Gourmet
84207,1866,Ocean Jewels Seafood Restaurant
84389,1410,Tortilleria Mexicana Los Hermanos
84395,1338,Kings County
84420,1008,Island Burger & Shakes
84435,2299,Seton Hall School of Law
84499,1142,The Central Bar
84509,764,Black Duck
84521,2494,Jimmy's No. 43
84554,1012,Oren's Daily Roast
84573,788,Calexico Cart
84614,998,Broadway Panhandler
84687,876,Karoake One Seven
84744,2097,Jamali Garden Supplies
84766,1331,Mustang Harry's
84815,1840,"MTA Borough Hall [2,3,4,5]"
84884,241,Lucky Strike
84886,2176,Breadsoul Cafe
84913,1673,Carroll Street Station
84935,2202,Docks Oyster Bar & Seafood Grill
84955,1199,b-bap
84996,439,Primehouse
85155,1815,Maffei's Pizza
85177,2386,Woorijip
85290,1640,"MTA Jay St - Borough Hall [A,C,F]"
85321,1986,Wogie's
85343,1211,Peter's
85408,1181,Hells Kitchen Pizza
85438,2345,Hell's Kitchen
85462,225,YogaWorks SoHo
85515,1112,Tuck Shop
85543,1124,Tavern On Jane
85587,860,Rocky & Nicky's
85639,1759,Applejack Diner
85655,2092,Brick City Bar & Grill
85659,2089,Hells Kitchen
85680,2418,Chase 
85682,2417,Wachovia
85706,2310,Quick Check
85739,2241,Magnet Theater
85746,2005,748 Hamilton Street
85778,1645,Kabooz's
85792,2421,Stage Door Delicatessens
85807,2296,TGI Friday's
85822,1805,Splash
85852,133,John Connelly Presents
85854,2198,Manhattan Mini Storage
85859,131,James Cohan Gallery
85875,1722,Peter Mcmanus Cafe
85881,2243,Tebaya Japenese Fried Chicken Wings
85885,1746,Housing Works Thrift Shop
85895,1463,Seoul Garden
85905,3,Chelsea Star Hotel
85936,2359,The McGraw-Hill Companies
85977,326,Bonobos
86057,2147,Outback Steakhouse
86123,2063,Le Poisson Rouge
86134,509,Church Lounge
86141,2348,SUSHISAMBA 7
86321,1140,Neil Simon Theatre
86358,1861,Roberta's
86408,1407,The Grey Dog's Coffee
86459,370,Louisa Park
86495,2256,iCrossing New York
86501,1318,JackRabbit Sports
86516,1234,Yale Club
86596,2213,CVS
86697,1652,Michael's Pharmacy
86703,2069,Commissary
86707,2027,Dolphin Fitness
86712,1121,Bally's Fitness
86720,2065,Fort Hamilton
86726,2058,Lailas Lounge
86744,2018,Best Buy 
86794,2002,Crimson
86823,2416,'sNice
86834,2315,Minca
86835,2205,Mayahuelo
86847,1184,Angel's Share
86954,2488,Elaine's
86987,1173,Corner Shop Cafe
87010,1625,Union Market
87053,1822,s'nice
87058,2446,Devi
87099,1314,Crow's Nest
87136,2034,Ann Taylor Loft
87173,2232,The MAve Hotel
87217,29,J P Morgan Chase
87218,822,Mommy's House
87221,861,Simply Speaking
87224,394,Sunny's Bar
87234,57,Flagpole Hill
87298,1617,Benny's Burritos
87306,2400,Soft Spot
87352,1210,Mercadito
87354,1133,Pumpkin Carving
87364,1883,A.P.C.
87409,578,Nutley Pub
87421,715,Houston's
87442,1747,Broadway Cafe
87444,1725,Russian Vodka Room
87450,694,Biryani Cart
87457,1267,Bond 45
87460,1266,O'luney's Irish Pub
87467,1264,Europa Café
87478,1000,Starbucks - 35th & 8th
87480,338,Clickable 
87490,297,Hilton Garden Inn Tribeca
87495,307,BarArtisanal
87593,1340,Gimme Coffee
87650,2350,Rickshaw Dumpling Bar
87657,524,Liquidnet
87673,1623,Old Navy
87814,1312,Queens Center Mall
87854,1612,Pep Boys
87873,2381,Old Navy
87900,1086,Gap
87907,1628,Spina
87956,2404,Neighburrito
87961,1593,Anyway Cafe
87966,1062,Botanica
87992,1061,Rocky Sullivan's Tap Room
88008,1561,Antique Garage
88026,1054,Hope & Anchor
88060,1508,Pio Pio
88230,1521,Tanoreen
88257,2277,Palmetto Playground Dog Run
88285,1067,Pizza Wagon
88286,1925,Fornino
88290,1643,TD Bank
88292,982,Salty Dog
88314,1127,Brother Jimmy's BBQ
88323,360,Sanford's Astoria
88367,1217,Dunkin' Donuts
88426,718,"Apple Store, Staten Island"
88462,1418,Pegasus Diner
88622,1273,Lenox Lounge
88655,2199,Raines Law Room
88667,1789,Golden Bridge Restaurant
88669,1660,Lenox Wines
88679,2114,Matthews Diner & Pancake House
88687,437,LUBExpress
88693,1596,B&H Dairy
88720,1503,Monarch Luggage Factory
88739,1863,Le Petit Café
88741,1482,Great Burrito
88774,1920,Double Windsor
88809,799,Sotto Voce
88830,1363,Morton Williams
88863,1274,Terrace Bagels
88887,449,Participant Inc.
88954,926,Peculier Pub
89019,1330,Buffalo Exchange
89022,26,Aquatic Carousel
89029,94,Turntable Lab
89073,884,McReynolds Manor
89083,915,Spring Lounge
89084,912,Jin Hua Restaurant
89097,459,Cafe Katja
89118,1563,Mug's Ale House
89123,1588,Henry Street Ale House
89129,1126,Zipcar
89142,237,Lit Lounge
89143,1057,Home/Made
89144,1050,Anselmo's Coal Brick Oven Pizza
89154,1007,Sweet Ups
89158,1043,Club Quarters Hotel
89163,1099,Bann Korean BBQ
89168,1527,Bar-B-Que
89175,1504,Europa Cafe
89178,1491,Swing 46
89222,1973,Crisp
89224,1958,Neighborhood
89235,947,Starbucks Coffee
89262,1540,The Perfect Pint
89297,1088,Stop & Shop
89361,1171,Richmond County Bank Ballpark
89384,1155,Barnes & Noble
89456,525,Chef Yu
89468,697,The Olivia
89471,1492,2 Bros Pizza
89482,963,Renaissance
89537,1260,Fish
89550,552,Total Wine Bar
89561,2124,Joyce Bakeshop
89590,1668,Bierkraft
89598,2179,Pita Pan
89608,940,The Irish Rogue
89623,2006,Bergen Bagels
89637,805,Soda Bar
89676,1040,The PIT
89726,2302,409 Edgecombe Avenue
89731,1664,4th Ave Pub
89738,890,The Wheeltapper
89745,1198,Blake & Todd
89749,579,Pathmark
89753,1077,MakerBot Industries
89758,733,Starbucks
89834,2487,Chili Thai
89905,2401,Sazon
89923,2131,Lenny's
89926,1812,Fat Sal's Pizza
89927,1742,Piece of Chicken
89931,1447,New Bombay Indian Cuisine
89932,1278,The UPS Store
89934,1068,Pepe Verde
89936,1025,MEE Noodle Soup
89986,1520,Red White & Bubbly
90014,2441,Menchanko-Tei
90078,974,Prospect Park Zoo
90083,2454,Key Food
90092,2,Palo Santo
90129,1219,Brooklyn Children's Museum
90174,1782,Pronto Pizza
90183,918,Katsu-Hama
90185,1341,Norma's
90191,1836,Fendi
90194,1704,Fresco
90198,1200,Sushi of Gari 46
90204,1557,Brooklyn (Clinton Hill)
90259,782,Battery park City
90264,1209,South West NY
90273,33,Goldman-Sachs Tower
90276,1715,Billabong
90280,1682,Famous Famiglia Pizzeria
90355,488,Subway
90358,2409,Milford Plaza
90402,2142,Sixth And Avenue B Garden
90410,1951,Lula's Sweet Apothecary
90490,1432,Game Stop
90504,1336,MJ Armstrong's
90531,441,Canada
90542,620,"Wah Fung #1 Fast Food, Inc."
90549,1817,Sohotel
90563,1864,All Mobile Video
90567,2444,Dallas BBQ
90573,1917,Samuel Adams
90613,1165,Antique Cafe
90632,1228,Lilli & Loo
90698,465,R/GA
90702,1648,Dialogue NYC Office
90711,1528,Ace Luck
90717,1699,Best Western Conv.centre
90719,796,Esposito's Pork Shop
90727,948,Village Yokocho
90733,894,Cercle Rouge Brasserie
90738,1085,Thai Angel Cuisine
90749,756,Atomic Wings
90753,846,New York Law School
90760,1005,Matsugen
90767,1844,Cube
90782,2337,Tea Spot
90795,1004,The Kati Roll Company
90799,875,Esperanto Cafe
90802,1116,Luxor Lounge
90813,2028,Café Condesa
90818,2491,Arthur's Tavern
90820,1575,Hey Man Day Spa
90826,1606,Perilla
90838,700,Nice Guy Eddie's
90842,2403,The Library
90848,2283,Empire Diner
90853,881,1Oak
90855,146,Barocco Wine Bar
90862,1886,Chocolate Bar NYC
90864,1389,House Of Cards And Curiosities
90875,1821,Le Pain Quotidien
90881,2334,Starbucks
90884,177,Boomerang Toys
90899,2183,New Cosmic Cafe
90903,472,Pad Thai Noodle Lounge
90909,1299,Flight 151
90920,2303,Nooch
90938,2209,TSI
90941,2096,Panya
90943,2153,Guess
90945,1326,Guess By Marciano
90946,723,Forecast
90947,1261,Othello's Deli
90948,1348,Bio
90952,1096,Bodhi Tree
90954,955,Lounge Theresa
90956,1412,Gamespot
90965,505,Firefly
90971,532,UNICEF
91091,2216,American Girl Store
91110,1445,SD26
91118,180,The Incubator at RTV
91122,1525,Ooki Sushi
91130,260,Bvlgari
91134,1097,Gospel Uptown
91170,150,The Edge Bar
91200,1647,Life Cafe
91292,1872,Mitsuwa Marketplace
91315,251,Deitch Projects
91326,1378,D'Espresso
91401,461,Redwood Hall
91409,480,Kupfrian Hall
91434,467,Cullumore Hall
91448,1115,Vig Bar
91461,2316,Fat Black Pussycat
91568,770,Super Taste
91592,1736,New York Transit Museum
91625,783,Joe's Superette
91633,785,G. Esposito & Sons
91639,2318,Against The Grain
91690,2372,The Habitat
91718,958,Green-Wood Cemetery
91759,1270,Commonwealth
91768,1574,Big Bar
91781,1151,MET Foods
91798,2363,Porto Rico Importing Co.
91840,1915,Piper's Kilt
92030,1932,Venda
92046,2185,Ba Xuyên
92206,1156,Starbucks
92236,1048,Staten Island Mall
92238,1089,The Crossings
92260,346,Mess
92272,684,O'keefes
92277,810,Old Carriage House
92303,2453,Sterling Grapes & Grains
92329,81,The Blackwell House
92391,1399,Bánh Mì Saigon
92415,1343,Harmony Playground
92421,1672,Gowanus Canal
92524,1985,CVS Pharmacy
92587,2148,Bliss Cafe
92671,2493,The Gold Bar
92898,1946,NYC Veterinary Specialists
92906,1294,Golden Theatre
93034,1919,Church Avenue Station
93075,2154,Thái Son Vietnamese Restaurant
93084,147,Muhlenberg Branch of NY Public Library
93093,489,Garden Of Eden
93098,447,Bluestockings
93103,144,Chocolate Factory
93104,123,Metro Pictures
93106,122,CRG Gallery
93107,121,Friedrich Petzel Gallery
93121,362,Locale
93126,925,Cubby Hole
93169,831,Amsterdam Cafe
93175,1731,Chinese Mirch
93179,2346,Rice
93196,1559,Tease
93216,2021,Sunrise Bakery
93221,1760,Daily Soup
93224,1717,Choice Bar - Murry Hill
93237,1536,The Globe
93241,162,Game Stop
93268,705,The Palm
93274,2056,Boxcar Lounge
93392,2233,Sammy's Noodle Shop
93408,2195,Wombat
93537,1981,Amish Market
93568,1689,Hummus Kitchen
93579,2267,Bagel&bean
93608,2000,Divine Bar
93708,380,Chipotle
93714,930,Don Giovanni Restaurant
93789,2496,Karaoke One7
93811,1890,Pita Pan
93893,403,Cuba Cafe
93925,1894,Kingswood
93936,1585,Bar Blanc Bistro
93944,1858,Josephina
94024,2099,Li-Lac Chocolates
94025,2253,Peter Dillon's
94083,2177,Broadway & 64th Parking
94108,1793,International House Of Pancakes
94112,2398,Fiddlesticks
94150,1427,Gourmet 53
94159,209,Murphy's Pub
94308,745,Sit and Wonder
94327,2397,Bombay Masala
94386,2437,Mahayana Buddist Temple
94406,1874,JAM Paper & Envelope
94415,833,"MTA Kings Hwy [B,Q]"
94419,153,Colador Cafe
94422,213,Hunan Delight
94438,1444,Sweet Afton
94443,2408,Parnell's
94491,1003,d.b.a. Brooklyn
94587,1676,Henry Ward Beecher
94607,1419,Brooklyn Borough Hall Green Market
94641,414,Clinton Food Market
94660,2248,Emmett O'Lunney's Irish Pub
94667,968,Sean
94669,1684,Once Upon A Tart
94683,869,Macao Trading Co.
94692,1449,Snack Dragon
94802,1888,Aqua Grill
94918,2053,Panchito's Mexican Restaraunt
94949,2420,SecondMarket
95003,1952,Lakeside Lounge
95075,2203,Vinnie's Pizzeria
95082,1298,Bar Reis
95124,2498,Norry
95214,1923,Fatty Crab
95240,2103,Five Points
95268,1942,Alidoro
95306,1732,Copper Chimney
95423,592,Myers Of Keswick
95426,1610,TD Bank
95431,1892,The Embankment
95457,1329,Jersey Wines & Spirits
95536,687,Forest Hills
95540,819,Ferdinando's Focacceria
95578,1584,Sparrow Tavern
95581,64,Flagpole Hill
95584,66,Ellis Island Gift Shop
95588,67,Statue of Liberty Photo Spot
95590,62,Ellis Island Restaurant
95592,859,Fort Hamilton Park
95648,887,Millennium UN Plaza Hotel
95728,2367,Harvest HQ
95750,1400,Antojitos Mexicanos Tia Julia
95796,528,Anapoli
95823,2167,Imperial Theater
95834,1411,Bernard B. Jacobs Theatre
95841,2373,The Williams Club
95843,719,Bounce U
95862,2305,Colony Records
95936,1394,York College
95959,1639,"MTA Hoyt St [2,3]"
96008,1251,Little Pie Company
96048,1679,Morgan Stanley
96054,1149,Synergy
96061,1288,Welcome To India
96160,376,Starbucks Coffee
96251,2206,Riverdale Metro-North Station
96273,2465,Yola's Cafe
96360,2457,Black & White
96386,1977,Reproductions
96401,1887,West Side Diner
96406,2070,Chelsea Studios
96461,1818,Holiday Inn
96495,2306,Union Bar
96503,824,Queens College CUNY
96540,1755,Vespa
96557,2383,Famous Dave's BBQ
96594,478,BN.com (Barnes & Noble)
96686,1415,El Almacen
96742,1862,Abilene
96779,291,DPSTYLES House of Satisfaction
96810,996,Olive Garden
96817,2374,Mars 2112
96848,1865,Cafe Henri
96857,924,Cafe Lucienne
96921,1359,Our Lady Of Pompei
96930,2107,Philip Marie
97148,2396,Jodi Arnold Boutique
97207,2043,Mint
97395,1572,Dramatics
97405,2435,Canteen Delicatessen and Cafe
97436,2015,Harry's Cafe & Steak
97455,2375,Cha-An
97579,2353,Duane Reade
97607,516,Subway
97619,1720,Mercury Bar
97625,967,Remi
97627,1098,Le Bernandin
97628,519,Lowenstein Sandler
97639,2276,Financier Patisserie
97656,843,Europa Cafe
97684,759,Kings Plaza
97686,2361,Inwood Station Post Office
97690,1912,Carrot Top Pastries
97694,584,Dunkin' Donuts 
97701,594,Tea And Sympathy
97704,2001,Grandpa's Brick Oven pizza
97705,1916,Ray's Barber Shop
97737,1029,McDonald's
97791,821,Damascus Bread & Pastry Shop
97822,1857,Archive Café
97828,2192,Nectar
97835,2414,Starbucks Coffee
97875,1538,Cubana Cafe
97921,1408,Northeast Kingdom
97924,1024,King's Cross
97950,2121,Midnight Express
98028,1856,Dunkin' Donuts
98096,1467,Anatolian Gyro
98103,1437,"MTA Sheepshead Bay [B,Q]"
98104,2382,Pathmark
98114,2156,Bay Terrace Mall
98127,2135,Grand Harmony
98138,815,Subway
98154,816,Cucina E Vino Petrarca
98308,1519,Holy Basil
98454,1157,Panera Bread
98500,609,Dusk
98577,1456,Blue Sky Bakery
98581,2242,Black Mountain Wine House
98672,956,Legion
98685,1854,Clandestino
98693,2391,Jadis
98849,1941,Taze
98935,368,White On White
99141,1632,T Thai
99232,744,The Arch Diner
99239,1928,Avrohom's House
99245,1510,P.J. Hanley's Tavern
99472,2472,Church
99503,2411,Bleecker
99557,2412,Citi Bank
99559,2413,Dunkin' Dounts
99580,65,Wall of Honor
99581,68,Manhattan Skyline
99789,1885,Subway
99794,1882,Roy Wilkins Park
99829,2019,Jcpenny
99846,1466,Atlas Gas Station
99862,1968,Dmv
99867,1369,Aqueduct Flea Market
99871,1884,Lorna's Restaurant
99872,1881,Laten's Place
99893,2402,Crib
99917,678,Avalon At Edgewater
100088,2478,Tangra
100333,836,Marine Park
100350,946,La Strada Pizza
100356,999,Kai Feng Fu Dumpling House
100400,530,Maimonides Medical Center
100459,1383,68 Restaurant
100483,1509,South Brooklyn Pizza
100515,1167,Staten Island Zoo
100522,730,Outerbridge Crossing
100604,352,Qdoba Mexican Grill
100663,771,Dusty Pages
100675,1514,Greenbelt
100676,703,Island Coffee Shop
100691,1439,Rite Aid Pharmacy
100712,2149,PETCO
100722,1438,Citibank
100959,2032,The Alex Hotel
101043,1322,TD Bank
101087,1842,Zara
101145,1677,Korean War Veteran's Plaza
101149,1678,Brooklyn World War II Memorial
101202,847,Mike's Papaya
101299,1911,Pukk
101306,2499,Darkroom
101335,1283,Forever 21
101434,2113,Sheepshead Bay Stadium 14 & IMAX
101491,1624,Park Slope Food Coop
101497,1404,Rose Water
101505,392,Ben & Jerry's
101510,353,McCormick & Schmick's
101541,1568,Garry's Wine And Liqour
101674,683,Whole Foods
101763,989,BBH Labs
101875,313,Ruth's Chris Steakhouse
101882,1634,New Market Diner
101931,1837,Jaya
101933,1105,Joe's Shanghai
101979,2091,Celsius at Bryant Park
101982,710,Starbucks
102042,2332,Gateway Plaza
102100,2157,Barnes & Noble Bookstore
102118,2105,BKNY Thai Restaurant
102123,1103,La Paella
102124,240,Good Records NYC
102205,1831,La Conguita
102219,1989,Waldo Lofts
102236,1325,Van Vorst Park Dog Run
102357,502,9th St/Congress St Light Rail
102365,696,Cafe Bueno
102509,1426,Métrazur
102557,1233,Pet Central
102559,1830,Theatreworks
102560,2143,Reed Space
102561,2141,Chari & Co
102580,2042,Henry Miller Theater
102609,2038,Laura Pels Theatre
102657,1914,Slice
102661,950,New York Sports Club on Mercer
102665,2239,Napoli Pizza & Pasta
102669,99,Sunswick
102695,2450,295 Madison Avenue
102760,1906,Mustang Sally's
102762,1059,Digital Arts
102769,1738,Christopher Columbus Sculpture
102799,1846,Sal's Pizzeria
102800,1152,Krolewskie Jadlo
102809,2281,Sun Cafe Japanese Cuisine
102896,786,Caputo's Fine Foods
102923,1534,The Gibson
102959,2095,Tandem
102972,2084,Angelo's Pizza
102989,1060,Topaz Thai Restaraunt
103004,711,Bendix Diner
103085,2047,Tanti Baci Cafe
103131,1751,Otafuku
103149,1339,San Loco
103157,1044,Great N.Y. Noodletown
103160,913,Chinatown Fair Video Arcade
103250,2475,The Gym
103308,1962,Avis JFK
103336,1546,Peter Pan Donut & Pastry Shop
103397,2388,Mama's Empanadas
103457,1147,Press 195
103682,650,40 Clinton
103686,2436,Adagio Teas
103713,314,Momoya
103780,855,Sunrise Bagels
103809,858,Watchung Ave Station
103836,856,Watching Plaza
103849,1829,Ishi
103942,1030,Best Buy Liquor
103963,2081,Pacificana
104011,541,Scottadito Osteria Toscana
104016,2188,Hinch's Soda Shop
104019,937,Urban Optical
104021,811,Rice Thai Kitchen
104022,920,Saint Saviour Roman Catholic Church
104023,919,Park Slope Pharmacy
104029,693,Fonda
104054,1758,Coppermine Pub
104096,1718,Pinisi Cafe & Bakery
104277,1810,Green Grill Ridizio
104361,2474,XpresSpa Terminal 5
104382,2238,Annam Brahma Restaurant
104420,1936,Crisp Wireless
104484,316,Arepas Cafe
104503,2155,Forest Hill LIRR Station
104515,2136,Bagel Hole
104534,1522,Lucas Steakhouse
104646,1802,Vintage Cellars
104685,2119,Northern Soul
104713,820,Sahadi Importing Co.
104742,2200,Pizza Grill
104812,893,Pathmark
104900,1316,Greenmarket
104934,2322,Mojo
104956,830,Fushimi
104967,1969,103 Precinct
105025,1547,Dunkin' Donuts
105046,2387,Sound Fix
105074,1987,IHOP
105137,1695,The Village Gourmet
105171,1387,Hudson Bar and Books
105196,1361,10 Downing
105238,181,Dixon Mills
105390,1168,Tacos Matamoros
105394,2360,Manhattan Criminal Court
105430,2182,Yun Nan Flavour Snack
105442,1616,Target
105469,2240,Tramonti
105480,104,Boat
105496,758,Toys R Us
105497,1391,Sheepshead Playground
105500,2064,Belt Pkwy
105501,1529,Gourmet Boutique
105565,1386,A&P Fresh
105594,914,Bank Of America
105704,443,Five Guys Burgers and Fries
105851,1161,ShopRite
105914,2467,Applebee's
105943,1927,Park Bar
105948,1164,Denny's Sandwiches
106022,1905,Ogilvy Public Relations
106067,713,Outback Steakhouse
106129,2485,O'Flaherty's
106193,945,Johnny's Pizza
106202,2480,Kasadela
106208,1172,Tacos Xochimilco
106216,1629,Le Relais de Venise L'Entrecôte
106241,1101,The Spot To Be
106289,2425,Court Street Station
106315,1235,Bruckner Bar & Grill
106402,1129,Café Orwell
106436,1280,Pat Fersch Family Law Center
106438,1269,San Loco
106451,2366,Green Depot
106482,1493,Buttermilk Bar
106543,1607,Bocca Lupo
106581,2211,NY Arts Magazine
106617,2048,Port-o Lounge
106692,2112,Sakagura
106695,2464,Cubbys
106880,2017,Scotty's 
106887,390,A&P
106914,1979,Oasis Spa
106942,704,Egger's Ice Cream Shoppe
106944,1009,Redroom
106948,1303,Druken Monkey
106990,1512,Marathon Bank
106993,868,86 Noodles
107033,1262,Rhythm & Booze
107036,1853,Tim's Apartment
107039,1957,Mas Farmhouse
107067,2292,Shecky's Office
107097,1843,Brooklyn Flipster's
107098,1114,Fish Bar
107208,1690,Research Foundation of CUNY
107275,1170,SI Museum
107330,160,L.I.C.
107359,1827,Ladybird Bakery
107374,1570,MTA Bergen St [3]
107407,749,Dunkin' Donuts
107437,2234,Mercat
107438,988,Poke NY
107449,2130,Alife
107468,2390,White Castle
107533,550,Dunkin' Donuts
107795,1486,Park Audio
107886,1698,VP Records/Riddim Driven Clothing
107887,2352,Subway
107893,1880,Port Royal Jamaican Restaurant
107912,1137,Bella Napoli
108000,1956,ShopRite
108024,828,Rags-A-GoGo
108031,2410,BP
108033,692,World Of Pets
108036,1473,Starbucks (514 86th)
108037,1757,Luigi's Pizza
108038,709,Bunch Of Bagels
108040,1480,Areo
108042,556,Casa Calamari
108043,1566,Carvel
108048,817,Century 21
108057,1163,Quarter
108102,1179,Brooklyn's Pizza
108199,325,Brown Brothers Harriman
108203,2427,Exchange Place Nj
108220,1799,Jake's Saloon
108221,916,The UPS Store
108304,1573,Avalon Salon & Spa
108322,2101,Duane Reade
108383,1153,Staten Island Lighthouse
108388,2079,Toasties
108439,844,Dunkin' Donuts
108450,421,Noble Discount Liquors
108456,682,Flaming Burritos Mexican Grill
108476,845,Capital One Bank
108548,2423,Lassen & Hennings
108551,2144,Self Edge
108553,689,88 Palace
108573,2022,Suite 707
108616,1687,Ichi Masa
108635,1201,Pediatrician
108710,2483,First Edition
108730,717,Legal Seafood
109017,2173,HANAC
109073,1285,Blockbuster 
109077,1284,Dunkin' Donuts
109145,1032,Caputo's Bake Shop
109169,714,Stinky Brooklyn
109174,1406,Smith & Vine
109179,178,The Performing Garage
109192,2389,Broadway Bakery
109248,2212,Taco Bell
109324,1309,Montclair Art Museum
109341,1469,36th Avenue Station
109363,1035,Medieval Times
109371,1524,Platinum Fitness
109378,546,Franklin Steakhouse
109386,582,Great Lakes
109392,2127,Taco Express Inc
109465,2369,The 22 Club
109469,1685,Pablo Neruda Academy
109634,2344,Hing Won
109641,2046,Singas Famous Pizza
109739,1562,Fernandes Steak House
109803,787,Bluestone Coffee Co.
109979,1548,Pet Boutique and Supplies
109981,2125,Chase
109991,2245,May's Place
110011,1227,McDonald's
110012,625,PS 102
110064,2158,Chao Thai
110075,2139,aNYthing
110093,2166,Home
110107,2424,St. Mark's Comics
110121,2059,Malibu Diner
110214,1852,Lucy's
110244,1402,Taqueria Coatzingo
110302,344,Friendlys
110398,348,McDonald's
110399,540,Target
110455,2298,Jamba Juice
110481,125,Tommy Hilfiger
110625,1169,Borough Hall
110691,1662,Hoyt Street Market And Deli
110713,746,Home Sweet Home
110714,1618,The Home Depot
110728,535,3 in 1 Pizza & Ice Cream
110733,1028,J&J
110736,874,Food World
110738,872,Getty
110739,839,Hess
110740,838,Rite Aid
110741,837,Dunkin' Donuts
110742,835,Marine Park JHS
110744,539,Fort Hamilton Presbyterian Church 
110745,814,Brooklyn Bagels
110747,538,Sensory Freeway
110749,800,Party City
110751,761,St. Columba
110753,760,Pizza Emporium
110755,748,Blockbuster Video
110757,747,CVS
110759,2244,3 in 1 Kitchen
110761,1286,King & Queen Deli
110762,1027,Flatlands Ave 108street
110763,952,McDonald's
110764,823,Rite Aid Pharmacy
110765,772,Moms House
110766,750,RadioShack
111053,2120,Submercer
111085,2178,Cakes 'N Shapes
111087,2304,Azuri
111116,2460,Leng Thai
111156,1078,The Pleasure Dome
111158,1158,James
111204,1350,Bond No. 9 NYC
111258,2039,Fontana Famous Pizza & Gyro
111259,1636,Sala
111262,2030,Picnic Garden
111263,1869,Assi Plaza
111276,728,T.G.I. Friday's
111277,1175,Alice Austen House
111290,1015,Terrazza Restaurant
111291,283,Rick's
111292,545,Dunkin' Donuts
111481,2145,Sephora
111538,1180,Trader Joe's
111620,1487,365gay.com
111641,1675,Monteleone's Bakery
111642,2011,Marco Polo Restaurant
111650,1775,House Of Pizza And Calzones
111690,2490,La Flor Bakery
111812,2190,Dunkin' Donuts
111933,1282,numero28
111934,2327,Racoon Lodge
112085,2016,Pan American Hotel
112105,2273,Office
112160,2406,Gristedes
112240,2094,Provini
112279,1692,Da Marino
112345,2445,Ole's
112369,1073,The Green Cow Brick Oven Pizza and Catering Company
112372,1364,NYU: Jerome S. Coles Sports And Recreation Center
112377,363,Montclair Bread Company
112378,1311,The London Food Company
112380,1308,Montclair High School
112383,474,Watchung Booksellers
112384,857,#66 bus To NYC
112388,174,Counter
